[{"schemeId":4,"schemeName":"Tasks","adapterType":"gtmhub","group":null,"active":true,"adapterMetadataList":[{"metadataId":8,"metadataKey":"issuetype","metadataValue":"tasks"}],"requestHeaders":[{"headerId":5,"headerKey":"gtmhub-accountId","headerValue":"5f08e829141b210001c31d34"},{"headerId":6,"headerKey":"Authorization","headerValue":"Bearer eyJhbGciOiJIUzI1NiIsInR5cCI6IkpXVCJ9.eyJpYXQiOjE1OTQ2NjgwMjUsInN1YiI6ImF1dGgwfDVmMDhlODI2MDM4MmNlMDAxNDVkOGZmOSJ9.vmJs1CwHpcUIuanbTA16x1RCm6S2ke9vWOHD24BQedM"}],"restTemplates":{"QUERY_MODIFIED_RECORDS":{"templateId":13,"operation":"QUERY_MODIFIED_RECORDS","httpVerb":"GET","restUrl":"/api/v1/tasks?filter=${pollQuery}","specifications":{"Response":{"specId":30,"type":"Response","adapterType":null,"specType":"JOLT","status":"Active","specification":"[\n  {\n    \"operation\": \"modify-overwrite-beta\",\n    \"spec\": {\n      \"items\": {\n        \"*\": {\n          \"revisions\": \"=size(@(1,snapshots))\",\n          \"firstRevision\": \"=firstElement(@(1,snapshots))\",\n          \"lastRevision\": \"=lastElement(@(1,snapshots))\"\n        }\n      }\n    }\n  },\n\n  {\n    \"operation\": \"shift\",\n    \"spec\": {\n      \"items\": {\n        \"*\": {\n          \"id\": \"results.[&1].id\",\n          \"customFields\": {\n            \"*\": \"results.[&2].fields.&\"\n          },\n          \"@lastRevision.modifiedAt\": \"results.[&1].fields.modifiedAt\",\n          \"*\": \"results.[&1].fields.&\"\n        }\n      },\n      \"totalCount\": \"totalrecords\"\n    }\n  }\n]\n","samplePayload":"{\n    \"items\": [\n        {\n            \"accountId\": \"5f08e829141b210001c31d34\",\n            \"archived\": false,\n            \"createdById\": \"\",\n            \"customFields\": {\n                \"caexternalid\": \"DEMO-100\"\n            },\n            \"dateCreated\": \"2020-07-10T23:10:42.911Z\",\n            \"description\": \"Test 1\",\n            \"externalId\": \"\",\n            \"externalSystem\": \"\",\n            \"id\": \"5f08f572f370940001ced861\",\n            \"modifiedById\": \"\",\n            \"name\": \"Fun fun taskaks\",\n            \"ownerId\": \"5f08e829141b210001c31d35\",\n            \"parentId\": \"\",\n            \"parentType\": \"\",\n            \"priority\": 0,\n            \"snapshots\": [\n                {\n                    \"id\": \"5f0cb739141b210001c329fe\",\n                    \"modifiedAt\": \"2020-07-13T19:34:17.767Z\",\n                    \"modifiedBy\": \"5f08e829141b210001c31d35\",\n                    \"newStatus\": \"inprogress\",\n                    \"oldStatus\": \"todo\"\n                },\n                {\n                    \"id\": \"5f0cb756f370940001cee63f\",\n                    \"modifiedAt\": \"2020-07-13T19:34:46.039Z\",\n                    \"modifiedBy\": \"5f08e829141b210001c31d35\",\n                    \"newStatus\": \"done\",\n                    \"oldStatus\": \"inprogress\"\n                }\n            ],\n            \"status\": \"done\",\n            \"taskType\": \"\"\n        },\n        {\n            \"accountId\": \"5f08e829141b210001c31d34\",\n            \"archived\": false,\n            \"createdById\": \"\",\n            \"customFields\": {\n                \"caexternalid\": \"DEMO-100\"\n            },\n            \"dateCreated\": \"2020-07-13T19:30:52.5Z\",\n            \"description\": \"API Task\",\n            \"dueDate\": \"2020-07-13T19:29:24.651Z\",\n            \"externalId\": \"\",\n            \"externalSystem\": \"\",\n            \"id\": \"5f0cb66c141b210001c329fc\",\n            \"metadata\": {\n                \"owner-email\": \"lance.knight@connectall.com\"\n            },\n            \"modifiedById\": \"\",\n            \"name\": \"API Task 1\",\n            \"ownerId\": \"5f08e829141b210001c31d35\",\n            \"parentId\": \"\",\n            \"parentType\": \"\",\n            \"priority\": 0,\n            \"snapshots\": [\n                {\n                    \"id\": \"5f0cb6bcf370940001cee63c\",\n                    \"modifiedAt\": \"2020-07-13T19:32:12.239Z\",\n                    \"modifiedBy\": \"5f08e829141b210001c31d35\",\n                    \"newStatus\": \"todo\",\n                    \"oldStatus\": \"\"\n                },\n                {\n                    \"id\": \"5f0cb710141b210001c329fd\",\n                    \"modifiedAt\": \"2020-07-13T19:33:36.23Z\",\n                    \"modifiedBy\": \"5f08e829141b210001c31d35\",\n                    \"newStatus\": \"inprogress\",\n                    \"oldStatus\": \"todo\"\n                }\n            ],\n            \"status\": \"inprogress\",\n            \"taskType\": \"\"\n        }\n    ],\n    \"totalCount\": 2\n}","statusCode":2,"contentAvailable":true},"Request":{"specId":29,"type":"Request","adapterType":null,"specType":null,"status":"Active","specification":null,"samplePayload":null,"statusCode":2,"contentAvailable":false}}},"QUERY_RECORD_BY_ID":{"templateId":15,"operation":"QUERY_RECORD_BY_ID","httpVerb":"GET","restUrl":"/api/v1/tasks/${recordId}","specifications":{"Response":{"specId":26,"type":"Response","adapterType":null,"specType":"JOLT","status":"Active","specification":"[\n{\n    \"operation\": \"modify-overwrite-beta\",\n    \"spec\": {\n      \"revisions\": \"=size(@(1,snapshots))\",\n      \"lastRevision\": \"=lastElement(@(1,snapshots))\"\n    }\n  },\n{\n  \"operation\":\"shift\",\n  \"spec\":{\n       \"id\":\"id\",\n       \"customFields\":{\n             \"*\": \"fields.&\"\n        },\n       \"lastRevision\": {\n            \"*\" :  {\n                 \"modifiedAt\":\"fields.&\"\n             }\n        },\n       \"@lastRevision.modifiedAt\": \"fields.modifiedAt\",\n       \"*\": \"fields.&\"\n    }\n}\n\n]","samplePayload":"{\n    \"id\": \"5f08f572f370940001ced861\",\n    \"name\": \"Fun fun taskaks\",\n    \"externalId\": \"\",\n    \"externalSystem\": \"\",\n    \"description\": \"Test 1\",\n    \"status\": \"done\",\n    \"priority\": 0,\n    \"parentId\": \"\",\n    \"accountId\": \"5f08e829141b210001c31d34\",\n    \"ownerId\": \"5f08e829141b210001c31d35\",\n    \"taskType\": \"\",\n    \"snapshots\": [\n        {\n            \"id\": \"5f0cb739141b210001c329fe\",\n            \"modifiedAt\": \"2020-07-13T19:34:17.767Z\",\n            \"modifiedBy\": \"5f08e829141b210001c31d35\",\n            \"oldStatus\": \"todo\",\n            \"newStatus\": \"inprogress\"\n        },\n        {\n            \"id\": \"5f0cb756f370940001cee63f\",\n            \"modifiedAt\": \"2020-07-13T19:34:46.039Z\",\n            \"modifiedBy\": \"5f08e829141b210001c31d35\",\n            \"oldStatus\": \"inprogress\",\n            \"newStatus\": \"done\"\n        }\n    ],\n    \"parentType\": \"\",\n    \"archived\": false,\n    \"dateCreated\": \"2020-07-10T23:10:42.911Z\",\n    \"customFields\": {\n        \"caexternalid\": \"DEMO-100\"\n    },\n    \"assignee\": {\n        \"id\": \"\",\n        \"accountId\": \"\",\n        \"name\": \"\",\n        \"email\": \"\",\n        \"color\": \"\",\n        \"avatar\": \"\",\n        \"picture\": \"\",\n        \"type\": \"\"\n    },\n    \"modifiedById\": \"\",\n    \"createdById\": \"\"\n}","statusCode":2,"contentAvailable":true},"Request":{"specId":25,"type":"Request","adapterType":null,"specType":null,"status":"Active","specification":null,"samplePayload":null,"statusCode":2,"contentAvailable":false}}},"UPDATE_RECORD":{"templateId":16,"operation":"UPDATE_RECORD","httpVerb":"PATCH","restUrl":"/api/v1/tasks/${recordId}","specifications":{"Response":{"specId":28,"type":"Response","adapterType":null,"specType":"JOLT","status":"Active","specification":"[\n{\n    \"operation\": \"modify-overwrite-beta\",\n    \"spec\": {\n      \"revisions\": \"=size(@(1,snapshots))\",\n      \"lastRevision\": \"=lastElement(@(1,snapshots))\"\n    }\n  },\n{\n  \"operation\":\"shift\",\n  \"spec\":{\n       \"id\":\"id\",\n       \"customFields\":{\n             \"*\": \"fields.&\"\n        },\n       \"lastRevision\": {\n            \"*\" :  {\n                 \"modifiedAt\":\"fields.&\"\n             }\n        },\n       \"@lastRevision.modifiedAt\": \"fields.modifiedAt\",\n       \"*\": \"fields.&\"\n    }\n}\n\n]","samplePayload":"{\n    \"id\": \"5f0cb66c141b210001c329fc\",\n    \"name\": \"API Task 1\",\n    \"externalId\": \"\",\n    \"externalSystem\": \"\",\n    \"description\": \"API Task\",\n    \"status\": \"\",\n    \"priority\": 0,\n    \"parentId\": \"\",\n    \"accountId\": \"5f08e829141b210001c31d34\",\n    \"ownerId\": \"5f08e829141b210001c31d35\",\n    \"taskType\": \"\",\n    \"metadata\": {\n        \"owner-email\": \"lance.knight@connectall.com\"\n    },\n    \"parentType\": \"\",\n    \"archived\": false,\n    \"dueDate\": \"2020-07-13T19:29:24.651Z\",\n    \"dateCreated\": \"2020-07-13T19:30:52.500568909Z\",\n    \"assignee\": {\n        \"id\": \"\",\n        \"accountId\": \"\",\n        \"name\": \"\",\n        \"email\": \"\",\n        \"color\": \"\",\n        \"avatar\": \"\",\n        \"picture\": \"\",\n        \"type\": \"\"\n    },\n    \"modifiedById\": \"\",\n    \"createdById\": \"\"\n}","statusCode":2,"contentAvailable":true},"Request":{"specId":27,"type":"Request","adapterType":null,"specType":"JOLT","status":"Active","specification":"[{\n  \"operation\": \"shift\",\n  \"spec\": {\n    \"fields\": {\n      \"*\": \"&\"\n    }\n  }\n}]\n","samplePayload":"{\n  \"id\": \"TP-4\",\n  \"fields\": {\n    \"summary\": \"Test for API creation 2\",\n    \"description\": \"Test for API creation 2\",\n    \"assignee\": \"admin\",\n    \"priority\": \"1\",\n    \"reporter\": \"admin\"\n  }\n}","statusCode":2,"contentAvailable":true}}},"CREATE_RECORD":{"templateId":14,"operation":"CREATE_RECORD","httpVerb":"POST","restUrl":"/api/v1/tasks/","specifications":{"Response":{"specId":32,"type":"Response","adapterType":null,"specType":"JOLT","status":"Active","specification":"[\n{\n    \"operation\": \"modify-overwrite-beta\",\n    \"spec\": {\n      \"revisions\": \"=size(@(1,snapshots))\",\n      \"lastRevision\": \"=lastElement(@(1,snapshots))\"\n    }\n  },\n{\n  \"operation\":\"shift\",\n  \"spec\":{\n       \"id\":\"id\",\n       \"customFields\":{\n             \"*\": \"fields.&\"\n        },\n       \"lastRevision\": {\n            \"*\" :  {\n                 \"modifiedAt\":\"fields.&\"\n             }\n        },\n       \"@lastRevision.modifiedAt\": \"fields.modifiedAt\",\n       \"*\": \"fields.&\"\n    }\n}\n\n]","samplePayload":"{\n    \"id\": \"5f0cb66c141b210001c329fc\",\n    \"name\": \"API Task 1\",\n    \"externalId\": \"\",\n    \"externalSystem\": \"\",\n    \"description\": \"API Task\",\n    \"status\": \"\",\n    \"priority\": 0,\n    \"parentId\": \"\",\n    \"accountId\": \"5f08e829141b210001c31d34\",\n    \"ownerId\": \"5f08e829141b210001c31d35\",\n    \"taskType\": \"\",\n    \"metadata\": {\n        \"owner-email\": \"lance.knight@connectall.com\"\n    },\n    \"parentType\": \"\",\n    \"archived\": false,\n    \"dueDate\": \"2020-07-13T19:29:24.651Z\",\n    \"dateCreated\": \"2020-07-13T19:30:52.500568909Z\",\n    \"assignee\": {\n        \"id\": \"\",\n        \"accountId\": \"\",\n        \"name\": \"\",\n        \"email\": \"\",\n        \"color\": \"\",\n        \"avatar\": \"\",\n        \"picture\": \"\",\n        \"type\": \"\"\n    },\n    \"modifiedById\": \"\",\n    \"createdById\": \"\"\n}","statusCode":2,"contentAvailable":true},"Request":{"specId":31,"type":"Request","adapterType":null,"specType":"JOLT","status":"Active","specification":"[{\n  \"operation\": \"shift\",\n  \"spec\": {\n    \"fields\": {\n      \"*\": \"&\"\n    }\n  }\n}]\n","samplePayload":"{\n  \"fields\": {\n    \"summary\": \"Test for API creation 2\",\n    \"description\": \"Test for API creation 2\",\n    \"priority\": \"1\",\n    \"modifiedTime\": \"01-04-2019 11:46:30.124\",\n    \"severity\": \"2\",\n    \"status\": \"Open\"\n  }\n}","statusCode":2,"contentAvailable":true}}}},"default":false}]